till,skulle,inte,stra,division,
time,writes,being,such,same,
player,very,players,still,something,
make,runs,things,base,send,
lost,last,post,pitching,left,
know,card,games,monitor,apple,
years,going,bruins,boston,teams,
more,better,right,play,well,
shots,period,saves,stars,chicago,
game,great,rangers,andrew,york,
good,year,article,enough,case,
problem,really,thing,different,between,
team,hockey,think,game,didn,
scsi,drives,data,more,controller,
drive,first,want,hard,thanks,
best,goal,third,powerplay,made,
speed,system,memory,computer,much,
think,sabo,clutch,samuel,seen,
please,anyone,power,cache,anybody,
believe,david,against,nothing,ball,
